Main String,First Number,Last Number,Original URL,Status
HandleAggregatedOps,3,000,https://prover.certora.com/output/60724/e64edd6a913540ac9f368b9e3eef1313?anonymousKey=3634d3f5a292fc3e981505ce70760c5448c26c06,FAILED
HandleAggregatedOps,3,001,https://prover.certora.com/output/60724/094e18dd410140bbb0f44c178438ed71?anonymousKey=98340dfd037b9dbf3adeda2a1610b94457c22604,PASSED
HandleAggregatedOps,3,002,https://prover.certora.com/output/60724/c50271181aeb4b00bf56a92eb4fc89de?anonymousKey=087d7d6fdd2429c36c26b62551b6aaf7c179b532,PASSED
HandleAggregatedOps,3,003,https://prover.certora.com/output/60724/3d892759879846aea18459428b859fcf?anonymousKey=ed43225eb84a604c8d75c63f95f3e6220101ee2e,PASSED
HandleAggregatedOps,3,010,https://prover.certora.com/output/60724/30bd5c648907461d9e96bb54df47ae1a?anonymousKey=f43466f2e4533c08960070458ed5010b445426b1,PASSED
HandleAggregatedOps,3,011,https://prover.certora.com/output/60724/80afb6bc7a394074b612ba02547b780d?anonymousKey=94970bc0ae6cdf8509b373f4ac8aef3614d0c1fb,PASSED
HandleAggregatedOps,3,012,https://prover.certora.com/output/60724/2283f3231cdd415f9ca3f4a7ade96d74?anonymousKey=f5c2e246e2626e63f3d280c4f097b36fc6af8fe2,PASSED
HandleAggregatedOps,3,013,https://prover.certora.com/output/60724/e6d5c6f8620c447bb686669ab92ffdcd?anonymousKey=1afee448867e87233bf3a15865ac0d1a775c3acf,PASSED
HandleAggregatedOps,3,020,https://prover.certora.com/output/60724/af77ca71531f462f8c73e7d995d806b9?anonymousKey=9448bbd7173949be8a29e667cea66a4962637b02,PASSED
HandleAggregatedOps,3,021,https://prover.certora.com/output/60724/a80c41a8c8ec4ec79566473870281559?anonymousKey=c0cf30869111d253c3ac3ef66574860678cf8b19,PASSED
HandleAggregatedOps,3,022,https://prover.certora.com/output/60724/9edebd0948a04d979ba384369d144ae9?anonymousKey=4acfc9f4f348b2064ceb87caef838eb3d65af4c7,PASSED
HandleAggregatedOps,3,023,https://prover.certora.com/output/60724/d8cbcfbe3731411c927447ee5f427275?anonymousKey=e98169ca59fdc612a253661bb1570814c64594be,FAILED
HandleAggregatedOps,3,030,https://prover.certora.com/output/60724/b2fb891f443648cd993c626906a2b854?anonymousKey=8b942daba0ad86535932f8060aff932135f86ca4,PASSED
HandleAggregatedOps,3,031,https://prover.certora.com/output/60724/b2394d5c91514c5692093a9278a9426d?anonymousKey=4a7bf456259faf7bc44ff472d4d103df96b6f09c,PASSED
HandleAggregatedOps,3,032,https://prover.certora.com/output/60724/27c3e793925d44c6bf4f595705cd92d6?anonymousKey=d174075eb65bfd99ff7aebf6a84add5b8199f33a,FAILED
HandleAggregatedOps,3,033,https://prover.certora.com/output/60724/9eaeb7cd7ef246aeab26c70a3a6ee989?anonymousKey=95e281368a3826db782cc212ec92ef0b178ee762,FAILED
HandleAggregatedOps,3,100,https://prover.certora.com/output/60724/3a20e79890394ed99e60eb9d2b666d8f?anonymousKey=4c1767e8c6f8848454f9c6c023f7b9b1cf49ff68,PASSED
HandleAggregatedOps,3,101,https://prover.certora.com/output/60724/4190a164b5654d01a5df4c33ee821f3c?anonymousKey=1cef8db7c6452cd5435d959e34a986f02f1b44e3,PASSED
HandleAggregatedOps,3,102,https://prover.certora.com/output/60724/a3ad50a219ab4ee88040eadbe00c5bc4?anonymousKey=10f6c8eaee247a09d0e1c735799d711b277e05d8,PASSED
HandleAggregatedOps,3,103,https://prover.certora.com/output/60724/def9cdd818984fb186f56dc762090a3e?anonymousKey=56643de82cd8681719ec30a1bedd0e3d59fc924e,PASSED
HandleAggregatedOps,3,110,https://prover.certora.com/output/60724/9f1b9eb00ce241d8acf2ae24f232185b?anonymousKey=6e688917a9cc7136db61f728491a4d23796f730f,PASSED
HandleAggregatedOps,3,111,https://prover.certora.com/output/60724/90192a80b7c4497c9206a1468f0cda92?anonymousKey=bd015de1869fa047a029fa4b3eabdf3b7193feaf,PASSED
HandleAggregatedOps,3,112,https://prover.certora.com/output/60724/58397ae0b88940e2b0ab6a9f1f19cb80?anonymousKey=f8d703d7c66a15056dd86cdbd1555c0726995fa6,PASSED
HandleAggregatedOps,3,113,https://prover.certora.com/output/60724/e94555b81bf44569af76abf73e29c8b9?anonymousKey=2c7ffa5fa74d02f2586fb895014f8dc60f5e70dc,FAILED
HandleAggregatedOps,3,120,https://prover.certora.com/output/60724/93076f28336344488c6fd0e9f6a5a117?anonymousKey=9171a603a9f68298c2f9fb49cc96a53cc6ba0fea,PASSED
HandleAggregatedOps,3,121,https://prover.certora.com/output/60724/18230c011677446f8ed4af3945d35529?anonymousKey=17e6307ea269e109c6e2c846c12d2badcb9544ab,PASSED
HandleAggregatedOps,3,122,https://prover.certora.com/output/60724/bd92b8004d944d26b783d0e591b37236?anonymousKey=328e501e2fdeafe47fdec908ea6d3a4e511aac00,PASSED
HandleAggregatedOps,3,123,https://prover.certora.com/output/60724/c7fc3737b6f04dffbc09bd5a984afb1d?anonymousKey=2c5660b62212d30930bdccfade1e0c5bc7214689,FAILED
HandleAggregatedOps,3,130,https://prover.certora.com/output/60724/a3621b4bd9664b6b8c8405e209696a7f?anonymousKey=12124533304f7fb8453966f55050119de1500537,PASSED
HandleAggregatedOps,3,131,https://prover.certora.com/output/60724/8140b8864a8a49f284b31f00b7e5df3d?anonymousKey=2c61d69ea7dd114f94ebb9c9814306dd5c2a6d29,PASSED
HandleAggregatedOps,3,132,https://prover.certora.com/output/60724/5908ae03bc7040e1b869a5a0cc1332fd?anonymousKey=ac0e07a7aae9364ba43c1f9e3efe148c7924fb97,FAILED
HandleAggregatedOps,3,133,https://prover.certora.com/output/60724/6ea3cfad60ac48f584b4b2f4165511f6?anonymousKey=162487f293de2bd897fb0b1029b5eebc57005a26,FAILED
HandleAggregatedOps,3,200,https://prover.certora.com/output/60724/277a124a99a846dc9b5a316042b6775f?anonymousKey=44d1262929c04f0f1a40d795ba398558f472bd33,PASSED
HandleAggregatedOps,3,201,https://prover.certora.com/output/60724/edba0f4edd664766808ce773acb2bfdd?anonymousKey=5e6f22911362bfece7f0b4a00bbae60ed1dbfaf1,PASSED
HandleAggregatedOps,3,202,https://prover.certora.com/output/60724/e23cb483798a4b0d8f83f52dceca038a?anonymousKey=915e818c8c87467da158385e91e3089a850879f0,PASSED
HandleAggregatedOps,3,203,https://prover.certora.com/output/60724/41ae2007a36748a9b9844c91e98db912?anonymousKey=cf163e16b0ac3dabbb1acc75c7c1880e73d34c9d,FAILED
HandleAggregatedOps,3,210,https://prover.certora.com/output/60724/23affcc77ef543368e03d073c8c288e0?anonymousKey=c2d647445d510d298639b2a4d0d06414cf61cd4b,PASSED
HandleAggregatedOps,3,211,https://prover.certora.com/output/60724/592a3c01e5474bf496a2eafdd8a3dfe1?anonymousKey=70ce93af5d43e6768ae129c370c76f3fe2067d76,PASSED
HandleAggregatedOps,3,212,https://prover.certora.com/output/60724/f432273a2f074339849bbdbfc66d3058?anonymousKey=a4ecf8657b8e97b8618ddb68639dd93991e2aa60,FAILED
HandleAggregatedOps,3,213,https://prover.certora.com/output/60724/c80d2562fd6e4774a0828e6f8686ed01?anonymousKey=4905acd2d528f67d92af20e87db6aacdac1c7980,FAILED
HandleAggregatedOps,3,220,https://prover.certora.com/output/60724/b9d3ba973f6f4416b08dd5bc837ef2e2?anonymousKey=f261fe4470862660f6a63046e1909d59fbe92642,PASSED
HandleAggregatedOps,3,221,https://prover.certora.com/output/60724/9190dce2fe07437bba05bcc37365e555?anonymousKey=95769ad3712b0c283f5904e53a464350eebf7493,FAILED
HandleAggregatedOps,3,222,https://prover.certora.com/output/60724/913877c0b30a423790595d96480052ba?anonymousKey=04fa7fb5fff6489c09045519c99054d4324c2445,FAILED
HandleAggregatedOps,3,223,https://prover.certora.com/output/60724/98925043f2894e2eb0b6ec64fde65c9d?anonymousKey=50991c4542ec245c047b3d6be378a3affacb1f5d,FAILED
HandleAggregatedOps,3,230,https://prover.certora.com/output/60724/5c221a3af3024ccdbdf2349d84447f40?anonymousKey=586a62ded7408ceead073359ddfc18240c8c9690,FAILED
HandleAggregatedOps,3,231,https://prover.certora.com/output/60724/b1b30ff0e9ae4bb7a8e3dea19440f8b8?anonymousKey=daee0867f4fc0d3bc345dbfc616d0f68a958221c,FAILED
HandleAggregatedOps,3,232,https://prover.certora.com/output/60724/4d64751f4c3f4fcdbd05bbb972d2bdf7?anonymousKey=c062add5fef2bd881170b232a1fab2387d83041b,FAILED
HandleAggregatedOps,3,233,https://prover.certora.com/output/60724/6d459a85b06d46eebd99017edd83aff2?anonymousKey=f35db50b53172a9d3b67fcd856802514d75c67df,FAILED
HandleAggregatedOps,3,300,https://prover.certora.com/output/60724/5c50bb8faf894f4cbd85f920d8b5bb72?anonymousKey=7c76afe1db9fab483fb3ef18c38169b1335f2a5e,PASSED
HandleAggregatedOps,3,301,https://prover.certora.com/output/60724/7c865576bc09484bb6a39f7a83916b3e?anonymousKey=c57182e6804567fd5c26f60b5970ec35a4482175,PASSED
HandleAggregatedOps,3,302,https://prover.certora.com/output/60724/d39f9295f34942328e383f72d30a03c5?anonymousKey=2d96d579c5b1dd9bc4bd906ae638f777e0baf7a0,FAILED
HandleAggregatedOps,3,303,https://prover.certora.com/output/60724/d000d5bdee214358867621b5a157d0e1?anonymousKey=65497260c568f4d462a509b4c00691bba3680c3b,FAILED
HandleAggregatedOps,3,310,https://prover.certora.com/output/60724/d98ed98e8122419e81169ea9bdd98e1a?anonymousKey=6c966ef651882da2b90cd2050185284160fe5299,PASSED
HandleAggregatedOps,3,311,https://prover.certora.com/output/60724/643180c3e4874646b753c2d9b760cb7c?anonymousKey=7d07f5e7cd229d69e4b7d05cc616a8f7c63cca11,PASSED
HandleAggregatedOps,3,312,https://prover.certora.com/output/60724/72c2e35e0fac420085d4987d34d2aaae?anonymousKey=64e93434c3bd02326b52d55838d2de39a5b60e28,FAILED
HandleAggregatedOps,3,313,https://prover.certora.com/output/60724/e704badb6a874924844e9965325c42b9?anonymousKey=d898e2a4102c33bcb41da2a22d7e3495595e596b,FAILED
HandleAggregatedOps,3,320,https://prover.certora.com/output/60724/f05a0b8a107a4a6aab6c8999e720676b?anonymousKey=32944ba6db92203788d882ee1b8c8a0b3470e81e,FAILED
HandleAggregatedOps,3,321,https://prover.certora.com/output/60724/08a81a2667f04169b824048925aabbec?anonymousKey=b68dd58e60993a708e4110d9ac59ea9c290b5b0a,FAILED
HandleAggregatedOps,3,322,https://prover.certora.com/output/60724/469f3ba61bae4951a66c6348a5685622?anonymousKey=003d0809bf97b8ee6e2b77604a427006a6eed414,FAILED
HandleAggregatedOps,3,323,https://prover.certora.com/output/60724/200e59f3a0524862bd3a1c09082733df?anonymousKey=f7f57c6d1e7ecc78544b72338adc7da930018680,FAILED
HandleAggregatedOps,3,330,https://prover.certora.com/output/60724/3610184c8a4d447f89840c00882c3097?anonymousKey=1c2168a3faaf0d2a9ade926a8175fb374c093c08,FAILED
HandleAggregatedOps,3,331,https://prover.certora.com/output/60724/e0e04b34121140fcbc22ead7e414871d?anonymousKey=b824404517625fbe8b85eaf58b1d5e67b43a4724,FAILED
HandleAggregatedOps,3,332,https://prover.certora.com/output/60724/947b97acc73c4f6996a24bc6c864116c?anonymousKey=018a193602d7a79cd57e7847d8be0efa4fff52e7,FAILED
HandleAggregatedOps,3,333,https://prover.certora.com/output/60724/ac3de85243984899b7484c2efce08539?anonymousKey=b075c73e6af9bdf6b848f412bdc3511316f7af0b,FAILED
HandleAggregatedOps,2,00,https://prover.certora.com/output/60724/3ceb7a6e50f94553802782cf7dc6b8cc?anonymousKey=ae127caf28bf2dab31effc3a9153b9e177592b79,FAILED
HandleAggregatedOps,2,01,https://prover.certora.com/output/60724/240c20b4a35a4bdeaea3b99dbe3e3781?anonymousKey=ce5e1d6048c9a590e869662bdb3c5392b56417d4,PASSED
HandleAggregatedOps,2,02,https://prover.certora.com/output/60724/36962bc9678741de94f207aff967e881?anonymousKey=c07d25f79ffc121bc949f5c433e07fd8c87585e4,PASSED
HandleAggregatedOps,2,03,https://prover.certora.com/output/60724/9a5f23d4492d4162aaf0572dde02f7a9?anonymousKey=748eb853abe091b6765a2c861a0717d19f7a85a5,PASSED
HandleAggregatedOps,2,10,https://prover.certora.com/output/60724/28a521c2b756454a95c8d329ee94a1a5?anonymousKey=5e3ef941945fbe2e0cd61c57e78405b5a955f2d8,PASSED
HandleAggregatedOps,2,11,https://prover.certora.com/output/60724/b452f9b1ba3b4c359eca93925f0df10a?anonymousKey=bef456b1d3208f81ed6c8c80f16f1962ee992775,PASSED
HandleAggregatedOps,2,12,https://prover.certora.com/output/60724/60e2e0fa318146a088fabf947c5036b5?anonymousKey=73f5039671a946b9ec1a8952cdf8c7e267633fe0,PASSED
HandleAggregatedOps,2,13,https://prover.certora.com/output/60724/777e6b601c3b4a0aafd2a1d447cda84b?anonymousKey=65c0f9dc2f29e2bbd292af8fe856f9e24e6bb325,PASSED
HandleAggregatedOps,2,20,https://prover.certora.com/output/60724/b7198bf9de994947b0ce01b33e49a4f3?anonymousKey=85781becd95e1de72d618057127463ab762db4fe,PASSED
HandleAggregatedOps,2,21,https://prover.certora.com/output/60724/7877b648fa1140a6a1d4d505e524494e?anonymousKey=e573b06f6518b621b0880ffe6d14253d4752caa1,PASSED
HandleAggregatedOps,2,22,https://prover.certora.com/output/60724/6a9c2ddd1a35430da296028668677392?anonymousKey=0c96d419ceda754cd21fbb5d538b93ada2b4c4d2,PASSED
HandleAggregatedOps,2,23,https://prover.certora.com/output/60724/ae0266a699fb42b69020f88285873fc1?anonymousKey=51e7075cfed2ec0a7c5adbd8848a0f05a21fb631,FAILED
HandleAggregatedOps,2,30,https://prover.certora.com/output/60724/5a8fe7205b4949b18135560ad8fc33d8?anonymousKey=b258f487f4e594d9e78be01e517856cc47d7cacb,PASSED
HandleAggregatedOps,2,31,https://prover.certora.com/output/60724/2c68fac884f24812b772e5b2ed636bf4?anonymousKey=8db294fc7cf33164fde71616ba653a4537aee560,PASSED
HandleAggregatedOps,2,32,https://prover.certora.com/output/60724/e95d2a95482a47109edd61a20fa3c757?anonymousKey=a7ead1f1c9e93a2b673706f9a0875bdd7254b98e,FAILED
HandleAggregatedOps,2,33,https://prover.certora.com/output/60724/d9366bd0ba3c43b1a6c5b0d4f85f5407?anonymousKey=c275585623784a04ce4b0914cac71195f0f18e60,FAILED
HandleAggregatedOps,1,0,https://prover.certora.com/output/60724/eae4d2b90573448c8592bfe805dae5e0?anonymousKey=d760becb5921b6cdea7dc1d8634b1904c7c2b926,FAILED
HandleAggregatedOps,1,1,https://prover.certora.com/output/60724/4f9b483c717942bcb1e8dcd8bef187f1?anonymousKey=42388a9fda99b0866a0424d2a07e5a83cc79d830,PASSED
HandleAggregatedOps,1,2,https://prover.certora.com/output/60724/c2da067b5a914e13bd82bca2e3aa1b6f?anonymousKey=f0ef76620530d27045b236ecd955675a58d51aa0,PASSED
HandleAggregatedOps,1,3,https://prover.certora.com/output/60724/424aa54818f0405a9e0d2d40d2ad265c?anonymousKey=5f6b0d50097e16e4e09ad3775e949823bbf3b47e,PASSED
